-- Заполнение таблицы warehouse (Склад)
INSERT INTO warehouse (warehouse_number, address) VALUES
(101, 'ул. Дубовая, 1234, Город A'),
(102, 'ул. Кленовая, 5678, Город B'),
(103, 'ул. Сосновая, 9101, Город C'),
(104, 'ул. Кедровая, 1213, Город D'),
(105, 'ул. Вязовая, 1415, Город E');

-- Заполнение таблицы room (Помещение)
INSERT INTO room (warehouseID, room_number) VALUES
(1, 1),
(2, 2),
(3, 3),
(4, 4),
(5, 5);

-- Заполнение таблицы rack (Стеллаж)
INSERT INTO rack (roomID, rack_number) VALUES
(1, 10),
(2, 20),
(3, 30),
(4, 40),
(5, 50);

-- Заполнение таблицы shelf (Полка)
INSERT INTO shelf (rackID, shelf_number) VALUES
(1, 100),
(2, 200),
(3, 300),
(4, 400),
(5, 500);

-- Заполнение таблицы details (Детали) для автомобильных запчастей
INSERT INTO details (shelfID, weight, type_detail) VALUES
(1, 12.5, 'Двигатель'),
(2, 5.0, 'Тормозные колодки'),
(3, 20.7, 'Подвеска'),
(4, 7.3, 'Фары'),
(5, 15.2, 'Шины');


-- Заполнение таблицы counteragent (Контрагент)
INSERT INTO counteragent (counteragent_name, contact_person, phone_number, address) VALUES
('ООО "АвтоЗапчасти"', 'Иван Иванов', 1234567890, 'ул. Бизнеса, 1, Город A'),
('ЗАО "ТехЗапчасть"', 'Анна Смирнова', 2345678901, 'ул. Рыночная, 2, Город B'),
('ООО "МоторТехника"', 'Алексей Сидоров', 3456789012, 'проспект Инноваций, 3, Город C'),
('ИП "АвтоМир"', 'Мария Кузнецова', 4567890123, 'ул. Стиля, 4, Город D'),
('ООО "Детали и Механизмы"', 'Ольга Павлова', 5678901234, 'ул. Уютная, 5, Город E');

-- Заполнение таблицы invoice (Накладная)
INSERT INTO invoice (counteragentID, date_time, type_invoice, status) VALUES
(1, '2025-03-01 09:00:00', true, false),
(2, '2025-03-02 10:30:00', false, true),
(3, '2025-03-03 14:45:00', true, true),
(4, '2025-03-04 11:20:00', false, false),
(5, '2025-03-05 15:00:00', true, true);

-- Заполнение таблицы invoice_detail (Детали накладной)
INSERT INTO invoice_detail (invoiceID, detailID, quantity) VALUES
(1, 1, 10),
(2, 2, 5),
(3, 3, 20),
(4, 4, 7),
(5, 5, 15);

-- Заполнение таблицы employee (Сотрудник)
INSERT INTO employee (employee_role, last_name, first_name, patronymic) VALUES
('Кладовщик', 'Иванов', 'Иван', 'Иванович'),
('Менеджер склада', 'Петров', 'Петр', 'Петрович'),
('Владелец', 'Сидоров', 'Сидр', 'Сидорович'),
('Кладовщик', 'Федоров', 'Федор', 'Федорович'),
('Менеджер склада', 'Смирнов', 'Сергей', 'Сергеевич');

-- Заполнение таблицы invoice_employee (Сотрудники накладной)
INSERT INTO invoice_employee (invoiceID, responsible, granted_access, when_granted) VALUES
(1, 1, 2, '2025-03-01 09:05:00'),
(2, 3, 4, '2025-03-02 10:35:00'),
(3, 2, 5, '2025-03-03 14:50:00'),
(4, 4, 1, '2025-03-04 11:25:00'),
(5, 5, 3, '2025-03-05 15:05:00');
